question,answer
what makes the university of stirling a great choice for postgraduate study?,"the university of stirling is known for its international reputation for high-quality teaching and research, as well as its commitment to creating impact in addressing societal issues and shaping communities."
what are some notable accolades and achievements of the university of stirling?,"the university of stirling has received 5 stars for teaching, employability, research, internationalization, facilities, and inclusiveness in the qs stars university ratings 2021. additionally, 96% of its graduates were in employment or further study 15 months after graduation."
what percentage of stirling's research was classified as world-leading or internationally excellent in the most recent research excellence framework (ref 2021)?,"in the most recent research excellence framework (ref 2021), more than 80% of stirling's research was classified as world-leading or internationally excellent."
what amenities and facilities does stirling offer to its postgraduate students?,"stirling offers a wide range of modern, comfortable, and secure postgraduate residences on and off campus. additionally, amenities such as an olympic-sized swimming pool, on-site cinema, and multiple restaurants, bars, and delis are available for students to enjoy."
what unique opportunities does studying at stirling provide?,"studying at stirling means immersing yourself in the unique sights and sounds of one of the world's most vibrant and inspiring countries, with the beautiful campus as your base."
how does stirling support its postgraduate students?,"stirling strives to ensure that all students can embrace life as part of its vibrant postgraduate community by offering extensive student support services."
can prospective postgraduate students ask questions directly to the staff at stirling?,"yes, prospective postgraduate students can ask questions directly to the staff at stirling through the 'ask an expert' feature, where staff answer top questions about different subject areas and explain the benefits of studying at stirling."
can you provide examples of student experiences at stirling?,"certainly! for example, jennifer jebathoma, an mba student from india, has made lots of friends from different countries, while isla farrell, an msc earth and planetary observation student from scotland, has had an outstanding experience with guidance from lecturers and gained experience in coding and data science."
how can prospective students inquire about postgraduate admissions at stirling?,"prospective students can contact stirling for any questions about postgraduate study or admissions."
